,title,price,seller,availability
0,Gaming Headphone GM-002,"रू 1,500",HOME SHOP NEPAL,In Stock
1,Nokia Essential Wireless Headphone E 1200,"रू 6,499",TeleTalk,In Stock
2,Sh12 Wireless Bluetooth Headphone,"रू 1,500",HOME SHOP NEPAL,In Stock
3,JEDEL JD-808 Multimedia Stereo Headphone For Cellphone Tablet PC: Black,रू 750,HOME SHOP NEPAL,In Stock
4,2 In 1 Lightning Adapter Headphone For Iphone X 8/8/7/7 Plus,"रू 1,499",Aafnopasal,In Stock
5,JEDEL JD-808 Multimedia Stereo Headphone For Cellphone Tablet PC: Black,रू 500,HOME SHOP NEPAL,In Stock
6,P47 Bluetooth Headphone 4.1 Edr Wireless Headphone,रू 999,HOME SHOP NEPAL,In Stock
7,P47 Bluetooth Headphone 4.1 Edr Wireless Headphone,"रू 1,235",GreenBazaar,In Stock
8,Headphone Lelisu Ls 802,"रू 1,259",Rk Jha Traders,In Stock
9,"Abingo Wireless Bluetooth Headphone
","रू 4,800",GadgetsFinder,In Stock
10,Boom Box Monski Headphone,"रू 2,700",KTM Bytes Nepal,In Stock
11,Gaming Headphone Headphone Xg-120 With Hd Mic + Noise Cancelling For Phone,रू 580,GadgetDealsNepal,In Stock
12,YESPLUS GM-109 Gaming HeadPhone with Plug-In Microphone Pure Sound,"रू 1,500",FreakyPanda,In Stock
13,Baseus D05 Gaming Headphone Immersive Virtual 3D Game Headphone With Microphone,"रू 4,999",BRImpex,In Stock
14,Fantech Hg16 Rgb Headphone,"रू 4,999",Fantech,In Stock
15,NIA X-10 BLUETOOTH HEADPHONE,"रू 2,000",Mercado Nepal,In Stock
16,Remax Wired Headphone Rm-805,"रू 2,199",Tech Studio,In Stock
17,Stereo Wireless Headphone Ms-881,"रू 1,519",GreenBazaar,In Stock
18,Bluedio H+ Bluetooth Stereo Headphone,"रू 4,275",GreenBazaar,In Stock
19,Fantech WH01 Wireless Gaming Headphone,"रू 6,499",Fantech,In Stock
20,DIGICOM Wired Headphone DG-W7,"रू 1,300",Digistore_,In Stock
21,Baseus S17 Encok Wireless Headphone,"रू 3,550",BRImpex,In Stock
22,Baseus S17 Encok Wireless Headphone,"रू 2,755",BRImpex,In Stock
23,REMAX WirelessGaming Headphone RB-750HB,"रू 2,999",Tech Studio,In Stock
24,BOROFONE Charming Rhyme Wireless Headphone- BO4,"रू 1,499",Digistore_,In Stock
25,Hoco W27 Cat Ear Wireless Headphone,"रू 3,500",Dev I.T Link ,In Stock
26,Wireless Headphone P47 5.0+EDR,रू 995,B&B Electronics,In Stock
27,"Nia Q1 Bluetooth Headphone Foldable With Mic
","रू 1,999",GadgetsFinder,In Stock
28,"USB C Headphone Adapter, 60W Fast Charging, Dual Type-C Splitter Audio Converter Earphone for iPad Pro / Air 4, Samsung Galaxy Phone S21 / S20 / FE 5G / + / Ultra / Note 20/10 + Plus, Google Pixel 4/3/2 XL","रू 1,999",Aafnopasal,In Stock
29,"Type C Adapter to 3.5mm Headphone Aux Jack + Charging Supports Charger,Listening, Audio Tupe-C Converter Headphone adapter Cable",रू 949,GreenBazaar,In Stock
30,Type C To 3.5Mm Headphone Jack  Type C Port To 3.5Mm Female Audio Jack Headphone Cable Adapter,रू 999,Aafnopasal,In Stock
31,L10 Wireless Bluetooth Headphone With Memory Card Support,"रू 3,500",Grand Technology Solutions Pvt.Ltd,In Stock
32,Yesplus Wireless Gaming Headphone Ys-608 Plug-In Microphone,"रू 2,450",Rk Jha Traders,In Stock
33,Oppo R11 In-Ear Headphone Earphone For Smartphone,रू 475,GreenBazaar,In Stock
34,JBL Tune 115TWS True Wireless in-Ear Headphone,"रू 11,000",Evotrade,In Stock
35,Fantech HG16 Sniper 7.1 Surround RGB Headphone,"रू 4,899",Fantech,In Stock
36,P30 Wireless Bluetooth Headphone Memory Card And Aux Support,"रू 2,800",Rk Jha Traders,In Stock
37,Sazuna Jewellers Headphone Emoji Diamond Pendant For Women - 1 Pair,"रू 31,786",Sazuna Jewellers,In Stock
38,FANTECH Replacement Sponge Ear Cup For Fantech Headphone HG15,रू 759,Fantech,In Stock
39,Xtrike Me Headphone For Gamer HP-310 Headset With Microphone,"रू 2,300",Dev I.T Link ,In Stock
40,YESPLUS GM-114 Gaming Headphone with Plug-In Microphone Pure Sound,"रू 1,500",FreakyPanda,In Stock
41,Gaming Headphone XG-120 With HD Mic + Noise Cancelling For Phone,"रू 1,999",Gadgetghar,In Stock
42,YESPLUS YS-104 LED Design Noise Isolating Gaming Headphone with Mic,"रू 2,700",NTTraders,In Stock
43,JBL Quantum 50 Wired in-Ear Gaming Headphone with Twistlock Technology,"रू 4,500",Evotrade,In Stock
44,"Audio Cable 3.5 mm - 3.5 mm (MH), Microphone / Headphone",रू 199,Aafnopasal,In Stock
45,Earldom 'ET-OT49' Lightning to 3.5mm Headphone Jack,रू 575,NTTraders,In Stock
46,3.5mm Audio Jack Stereo Headphone Splitter Cable Adapter- White,रू 527,GreenBazaar,In Stock
47,3.5mm Audio Jack Stereo Headphone Splitter Cable Adapter- White,रू 316,GreenBazaar,In Stock
48,JBL Live PRO+ TWS True Wireless in-Ear Noise Cancelling Bluetooth Headphone,"रू 19,800",Evotrade,In Stock
49,Skullcandy Black Riff Wireless On-Ear Headphone S5PXW-L003,"रू 7,990",Skullcandy Nepal,In Stock
50,JOYROOM JR-HL2 Foldable Bluetooth 5.0 Headphone Wireless Earphone Headset,"रू 3,500",Dev I.T Link ,In Stock
51,Onikuma K19 Headphone Gaming 3.5Mm Gaming Headset With Microphone,"रू 2,849",GadgetDealsNepal,In Stock
52,Headphone/Microphone Combo Jack Splitter Adapter Black 3.5mm Cable Converter,रू 474,GreenBazaar,In Stock
53,Digicom G90 Stereo Over Ear Sound Gaming Wired Headphone with Mic,"रू 4,400",Digistore_,In Stock
54,JBL Tune 225 TWS In-Ear Earphones True Wireless Headphone Ghost Black,"रू 13,000",Evotrade,In Stock
55,Skullcandy Navy Blue Riff Wireless On-Ear Headphone  S5PXW-L673,"रू 7,990",Skullcandy Nepal,In Stock
56,DnGeky Headphone Splitter For Computer 3.5mm Female to 2 Dual 3.5mm Male Headphone Mic Audio Y Splitter Cable Smartphone Headset to PC Adapter (Blue),रू 750,everestchitrastore,In Stock
57,X-Age Conve Up Beat W1 Wired Headphone - 3.5 MM Connector,रू 830,OSM Gifts,In Stock
58,"Cross Ms-771 A Wireless Blutooth Headphone With Mic & Bass Sound Bluetooth Headset
","रू 1,995",Rk Jha Traders,In Stock
59,Abingo Bt80Nc Anc Noise Cancelling Bluetooth 5.0 Headphone Wireless + Wired,"रू 8,999",Dev I.T Link ,In Stock
60,"Y Shape 3.5Mm Audio Jack To Headphone Microphone Splitter Converter Adaptor
",रू 237,GadgetsFinder,In Stock
61,Moto Z Type C To 3.5 Mm Headphone Jack Usb C Adapter,"रू 1,499",Aafnopasal,In Stock
62,Iphone X Iphone7 8 Dual 2 Lightning Audio Headphone Adapter Charger Splitter,रू 665,GreenBazaar,In Stock
63,For Iphone X Iphone7 8 Dual 2 Lightning Audio Headphone Adapter Charger Splitter,"रू 1,999",Aafnopasal,In Stock
64,"Cyz-K6 Wireless Sports Bluetooth Neck-Band Headset Sweat-Proof Headphone Earbuds Stereo
","रू 2,450",Rk Jha Traders,In Stock
65,Y Shape 3.5mm Audio Jack To Headphone Microphone Splitter Converter Adaptor(multicolor),रू 444,GreenBazaar,In Stock
66,3.5Mm Audio Jack Stereo Headphone Splitter Cable Adapter For Iphone Ipad Ipod,रू 150,GadgetDealsNepal,In Stock
67,Y Shape 3.5Mm Audio Jack To Headphone Microphone Splitter Converter Adaptor- Assorted Color,रू 299,GadgetDealsNepal,In Stock
68,Type C to 3.5mm Aux Headphone/Earphone Jack Adaptor for OnePlus Smartphone,रू 325,NTTraders,In Stock
69,"The Shopkeeper Bluedio Tm Wireless Bluetooth Headphone With Microphone Monitor Studio Headset For Music And Phones
","रू 3,500",GadgetsFinder,In Stock
70,Fantech MH83 Adjustable Over Ear Gaming Headphone RGB Light Noise Cancelling Gaming Headset 7.1,"रू 6,299",Fantech,In Stock
71,"Xtrike Me Gaming Headphone 7.1 Surround RGB GH-903 Smartphone, PC, PS4, Xbox One","रू 3,200",Dev I.T Link ,In Stock
72,3.5Mm Female To 2 Male Gold Plated Headphone Mic Audio Y Splitter Flat Cable,रू 250,GadgetDealsNepal,In Stock
73,"I27 TWS Bluetooth Mini Wireless Headphone V5.0 Binaural Earbuds with Charging Base, Support","रू 2,850",GreenBazaar,In Stock
74,Pro4 Wireless Bluetooth Headset Earbuds Ear Pods Earphone Android Headphone Tws Apple Headset Earpods Set Iphone,रू 780,GadgetDealsNepal,In Stock
75,SENICC St-2688 Professional Stereo Headphone Headset 3.5mm with Mic Microphone for Computer Pc Laptop Notebook,"रू 3,000",everestchitrastore,In Stock
76,Phone Charging Cable Protector USB Cord Protecotor Winder Cover for iphone Samsung Headphone Cord Wires Protection Clips,रू 499,Aafnopasal,In Stock
77,Onikuma X11 Usb 3.5Mm Gaming Headset 7.1 Surround Sound Wired Gaming Headphone With Microphone,"रू 2,999",GadgetDealsNepal,In Stock
78,Wireless Headphones headsets Bluedio T2+ Bluetooth 5.0 Stereo Headphone Sd Card Support & FM Radio Headset with Mic High Bass Sounds,"रू 4,275",GreenBazaar,In Stock
79,Fantech HG23 Headphone Personalize With Octane 7.1 RGB USB Just Wired Gaming Headset Alloy Earmuffs For PC PS4 Gaming Headphones,"रू 5,699",Fantech,In Stock
80,Earldom 'AUX 202' Strong Braided & Gold Plated 1 Male to 2 Female 3.5mm Mic & Headphone Splitter Cable,रू 350,NTTraders,In Stock
81,"Multi-Function USB C to 3.5mm Headphone Adapter with USB C PD 3.0 Charging Port, Headphone Splitter Compatible for Samsung S20+ S20 Ultra Note10+ Note10, Pixel 4 3 2 XL, iPad Pro 2020/2018, OnePlus Huawei, Pixel,  and More","रू 1,940",everestchitrastore,In Stock
82,Sades SA-810 Multi-platform Compatible Over-Ear Stereo Bass Gaming Headphone with Noise Isolation Microphone  For PC Laptop MobilePhone,"रू 5,000",everestchitrastore,In Stock
83,JOYROOM JRT06 TWS Bluetooth 5.0 earphone true Touch Control Wireless Headphone In-Ear Stereo Headset mini earbuds With Mic,"रू 5,500",Dev I.T Link ,In Stock
84,"2-In-1 Lighting Splitter Adapter, Dual Lighting Headphone Audio And Charge Adapter Compatible With Iphone 7/ 8/X/7 Plus/8 Plus

","रू 1,500",GadgetsFinder,In Stock
85,"2-In-1 Lighting Splitter Adapter, Dual Lighting Headphone Audio And Charge Adapter Compatible With Iphone 7/ 8/X/7 Plus/8 Plus",रू 949,GreenBazaar,In Stock
86,Gold Plated 2 Male to 1 Female 3.5mm Headphone Earphone Mic Audio Y Splitter Flat Cable Cord Wire for PC Laptop,रू 999,Aafnopasal,In Stock
87,Earldom 'ET-AUX201' Headphone/Audio Splitter 3.5mm Male To 2-Female Aux Stereo Jack for Music Share with Couples Family,रू 299,NTTraders,In Stock
88,Onikuma K6 Rgb Gaming Headset Stereo Game Headphone With Mic Rgb Led Light For Xbox One Computer Pc For Ps4 Gamer R20,"रू 3,500",GadgetDealsNepal,In Stock
89,"Portable 3.5mm Bluetooth Aux Adapter Wireless Music Streaming Receiver for Home, Car Audio System (Hands-Free Car Kit), Headphone, Speaker etc",रू 395,NTTraders,In Stock
90,"Dual Lightning Adapter Connector,2 In 1 Headphone Audio+Charge Double Lightning Splitter,For Apple Iphone X/10/7/8 Plus Support Ios11 And Later","रू 1,499",Aafnopasal,In Stock
91,Bluedio H2 Wireless Bluetooth Headset Anc Active Noise Cancelling Hifi Stereo Touch Control Tf Card 3.5Mm Aux Gaming Headphone With Mic (Black),"रू 3,800",GadgetDealsNepal,In Stock
92,YESPLUS YS-502 Premium Sound Quality (Noise Reduction/Noise Isolation) Stereo Headset,"रू 2,990",NTTraders,In Stock
93,2 in 1 Type-c To 3.5mm Headphone Jack Audio Aux Charging Splitter Cable For Sumsang Note 10 S 20 Plus S20 Ultra Earphone Adapter,"रू 1,999",Aafnopasal,In Stock
94,Jabees Beez Wireless Earbuds Bluetooth 5.0 Headphones Waterproof Fast Charging With Portable Charging Case – In Ear Earphones W/Mic For Stereo Call And Music – Google Assistant Siri Headphone,"रू 14,999",Aafnopasal,In Stock
95,"BH JBL VJ011 Bluetooth V5.0 Wireless Stereo Headphone Headset with TF Card Supported, Aux input, Radio & 7 Color breath light (up to 9hrs playing time)","रू 1,850",NTTraders,In Stock
96,"BH JBL VJ022 Bluetooth V5.0 Wireless Pure Sound Cozy Stereo Headphone Headset with TF Card Supported, Aux input, Radio & LED light (up to 10hrs playing time)","रू 1,850",NTTraders,In Stock
97,Converter For Lightning To 3.5Mm Headphone Jack + Charging Audio Cable Converter Adapter Aux Music For Iphone 7 8 Plus X Xr Xs Xs Max Earphone Splitter Ios 12 [Bluetooth Version],"रू 1,499",Aafnopasal,In Stock
98,"SARDINE Q18 TWS Bluetooth 5.0 Wireless Earbud Airdot Headset Headphone with Mirror and Charging Case , Smart Touch Function For IOS & Android Phone Or Laptop , Mac Any Other Device with Bluetooth Function","रू 4,000",everestchitrastore,In Stock
99,"3 in 1 USB Female OTG Adapter with 3.5 mm Headphone Jack + Charging Splitter Compatible with iPhone Support Card Reader,MIDI Interface,USB Ethernet Adapter,Hub, 3 in 1 Lightning Connector","रू 3,000",everestchitrastore,In Stock
100,"Plug And Play Universal Lightning To 3.5Mm Headphone Jack And Charging Adapter For Call Plus Music And Charging Bilateral Headset Call Earldom Ot46 Supported For All Iphones With All Ios Versions
","रू 4,000",GadgetsFinder,In Stock
101,"[Apple Mfi Certified] Dual Lightning Iphone Splitter,2 In 1 Dual Lightning Headphone Jack Audio + Charge Cable Compatible For Iphone 11/11 Pro/Xs/Xr/X 8 7,Ipad,Sync Data + Music Control","रू 1,080",GadgetDealsNepal,In Stock
102,PLEXTONE RX3 Gaming Headphones,"रू 1,700",Mercado Nepal,In Stock
103,Propods P9 Wireless Gaming Headphones,"रू 5,599",Rk Jha Traders,In Stock
104,HOCO Headphones W31 For Children,"रू 2,200",Dev I.T Link ,In Stock
105,Anker Soundcore Vortex Wireless Over-Ear Headphones,"रू 7,150",Siddhartha Mobile & Electronics,In Stock
106,Ximi Vogue Fashion Wire-Controlled Headphones (White),रू 489,Galaxy Enterprises PVT.LTD,In Stock
107,Ximi Vogue Fashion Wire-Controlled Headphones (Pink),रू 489,Galaxy Enterprises PVT.LTD,In Stock
108,Ximi Vogue Fashion Wire-Controlled Headphones (black),रू 489,Galaxy Enterprises PVT.LTD,In Stock
109,Fantech HQ52s Tone+ Gaming Headphones,"रू 3,199",Fantech,In Stock
110,HOCO Headphones W24 Enlighten Wired With Earphones,"रू 1,500",Dev I.T Link ,In Stock
111,"Onikuma K5 Lightening Gaming Headphones, Heavy Bass, Comfortable","रू 2,840",GadgetDealsNepal,In Stock
112,(Eo-Bg920) Level U Wireless Headphones (Black Sapphire),"रू 1,680",Rk Jha Traders,In Stock
113,JBL Tune 500BT Wireless On-Ear Headphones - Black,"रू 14,500",Evotrade,In Stock
114,Fantech Chief II HG20 Sakura Edition Gaming Headphones,"रू 3,999",Fantech,In Stock
115,1More Piston Fit In-Ear Headphones Model: E1009,"रू 1,799",GadgetDealsNepal,In Stock
116,FANTECH Spectre II HG24 Wired Gaming 7.1 Channel Headphones,"रू 4,299",Fantech,In Stock
117,"P47 Wireless Bluetooth Sports Portable Headphones with Microphone, Stereo FM","रू 1,140",GreenBazaar,In Stock
118,"Black P37 Wireless Stereo Tf Card/Fm Radio/Aux Headphones
","रू 1,200",GadgetsFinder,In Stock
119,Bluedio H2 Bluetooth Headphones On Ear & Bluedio HS Wearable Speaker,"रू 4,750",GreenBazaar,In Stock
120,JBL Tune 750BTNC Over-Ear Wireless Active Noise-Cancelling Headphones,"रू 14,800",Evotrade,In Stock
121,"P47 Wireless Bluetooth Sports Portable Headphones with Microphone, Stereo FM","रू 1,235",GreenBazaar,In Stock
122,"Gaming Headphones Havit Gamenote Earphone With Micro Ps4/Mobile/Pc
","रू 1,699",GadgetsFinder,In Stock
123,JBL T205 Pure Bass Metal Earbud Headphones with Mic (Black),"रू 4,900",Evotrade,In Stock
124,"JBL Tune 750BTNC, Over Ear Active Noise Cancellation Headphones Blue","रू 14,800",Evotrade,In Stock
125,Recci L16 Aux Headphones/Earbuds 3.5mm Wired Headphones Noise Isolating with Built-in Microphone & Volume Control Compatible with iPhone Samsung/Android MP3,रू 850,everestchitrastore,In Stock
126,"Cream/Brown Athlete Yw-998Bt Wireless Headphones With Built In Mic
","रू 1,200",GadgetsFinder,In Stock
127,"Grey/Black Athlete Ms-881A Wireless Headphones With Built In Mic
","रू 1,200",GadgetsFinder,In Stock
128,JBL Tune 510BT: Wireless On-Ear Headphones with Purebass Sound - Black,"रू 7,500",Evotrade,In Stock
129,Skullcandy Cobalt Blue Cassette Wireless On-Ear Headphones S5CSW-M712,"रू 4,990",Skullcandy Nepal,In Stock
130,JBL Live 650BTNC Wireless Over Ear Noise Cancelling Headphones With Alexa (Blue),"रू 19,000",Evotrade,In Stock
131,JBL Tune 660NC: Wireless On-Ear Headphones with Active Noise Cancellation Black,"रू 12,000",Evotrade,In Stock
132,"Mh01 Motorcycle Helmet Wireless Bluetooth Headset, Helmet Headphones, Music Call Control, Speakers Handsfree","रू 2,999",Aafnopasal,In Stock
133,"Recci J100 Earphones, in-Ear Headphones with Microphone and in-line Volume Control, Noise Reduction Stereo, Powerful Bass, Soft and Comfortable Eartips for Devices with 3.5mm Headphones Jack",रू 750,everestchitrastore,In Stock
134,Sony MDR-EX250AP In-Ear Stereo Headphones 3.5mm with Mic,"रू 1,799",246ESTORE.com,In Stock
135,"Bluedio T2s Bluetooth Headphones 5.0 On Ear with Mic, 57mm Driver Rotary Folding Wireless Headset, Wired and Wireless headphones for Cell Phone/ TV/ PC, 40 Hours Play Time (Black)","रू 3,800",GreenBazaar,In Stock
136,Skullcandy Dime True Wireless Dark Blue/Green In-Ear Headphones S2DMW-P750,"रू 4,990",Skullcandy Nepal,In Stock
137,"Bluedio T2 Plus Turbine Wireless Bluetooth Headphones With Mic/Micro Sd Card Slot/Fm Radio
","रू 3,499",GadgetsFinder,In Stock
138,Bluedio Hi TWS Bluetooth Earphones Wireless Headphones Music Noise Reduction Earpieces Sports Earbuds Works On All Smartphones,"रू 2,850",GreenBazaar,In Stock
139,REMAX TWS-50i Bluetooth Earphones True Wirelss Stereo Earbuds Bass Sound In-ear Headphones,"रू 5,000",everestchitrastore,In Stock
140,"JBL Tune 700BT by Harman, 27-Hours Playtime with Quick Charging, Wireless Over Ear Headphones  (Black)","रू 9,000",Evotrade,In Stock
141,"Bluedio Bt5 Wireless Headphones Headset Hifi Sound Mic Earbud Bluetooth-Compatible With Mic For Music And Phones
","रू 3,000",GadgetsFinder,In Stock
142,"Bluetooth Gloves, Wireless Bluetooth Gloves, Winter Gloves Touch Screen With Built-In Stereo Speakers, Removable Headphones","रू 1,999",Aafnopasal,In Stock
143,"T8 Wireless Bluetooth Wireless Headset Over-Ear Headphones With Mic For Samsung,I Phone Apple Android, Windows","रू 1,400",B&B Electronics,In Stock
144,"Joyroom 3.5mm Wired Earphones Noise Isolating in-Ear Headphones with Pure Sound and Powerful Bass, Earbuds with High Sensitivity Microphone and Volume Control, Headphones for Samsung,MI,Vivo,OPPO, iPhone, iPod, iPad, MP3","रू 1,200",everestchitrastore,In Stock
145,Lelisu LS-202 Wireless Headphones Foldable High Quality Long Life Battery Sound Supports Wireless Call Super Rich Sterio Bass,"रू 4,000",everestchitrastore,In Stock
146,Bluedio HT Wireless Bluetooth Headphones BT 5.0 Version Stereo Headset built-in Microphone For Mobile Phone/Laptop/PC,"रू 4,275",GreenBazaar,In Stock
147,Q32 TWS Bluetooth 5.0 Wireless Bluetooth Earphone Headphones For Samsung Headset Stereo Sound Earbuds Noise Canceling Microphone,"रू 2,754",GreenBazaar,In Stock
148,ONIKUMA B10 HD Stereo Music Headset Handband Headphones with Built-in Microphone Bluetooth Wireless & 3.5MM Wired Earphones,"रू 5,500",KirtipurGadgets,In Stock
149,"Tws4 Waterproof Bluetooth Headphones Earphones 5.0+Edr Sports Tws Earbuds With Charger Case Wireless Earphone For Mobile Phone
","रू 1,925",Rk Jha Traders,In Stock
150,NIA X10 Wireless Bluetooth Adjustable Headphones (FM Radio/TF Card Mp3 Player/3.5mm Aux/App Controllable),"रू 1,499",NTTraders,In Stock
151,"i27 TWS Truly Wireless Earbuds Headphones with Pop-up Display (iOS Only), 5.0 Bluetooth, Wireless Qi Charging","रू 2,850",GreenBazaar,In Stock
152,Samsung U Flex Bluetooth Wireless in-Ear Flexible Sweatproof Neckband HD Premium Sound Quality Headphones With TF Card & Mic,"रू 2,000",NTTraders,In Stock
153,Lelisu LS-205 Noise-Cancelling Wireless Bluetooth Headphones with Mic with Superior voice pickup- Black Comes With 3.5mm AUX Cable,"रू 3,000",everestchitrastore,In Stock
154,"NIA X10 New Wireless Bluetooth Stereo And Wired Headphones ,Micro Sd Tf Card Player ,Fm Radio Support With soft Ear Kusan","रू 2,299",KirtipurGadgets,In Stock
155,"Wireless Headphones With App, Nia Q1 Multifunction Headset With Fm Radio, Tf Card Player And Microphone Volume Limited For Kids (Black
","रू 1,999",GadgetsFinder,In Stock
156,Onikuma X10 Wired Headphones 7.1 Surround Sound Stereo Headsets For Ps4 Xbox One Headset Gamer With Noise Cancelling Microphone,"रू 3,500",GadgetDealsNepal,In Stock
157,"NIA X3 Wireless Bluetooth Adjustable Headphones with Built-in FM Radio, TF Card Mp3 Player & 3.5mm Aux (App Controllable)","रू 1,499",NTTraders,In Stock
158,NIA X5SP Outer Sound Wireless Bluetooth Adjustable Headphones (FM Radio/TF Card Mp3 Player/3.5mm Aux/App Controllable),"रू 2,399",NTTraders,In Stock
159,SHINECON Vr  Sc-G02E 4.0 Vr Glasses With Headphones 3D Smartphone Virtual Reality Stereo Mic Control Button Helmet,"रू 9,999",Aafnopasal,In Stock
160,ONIKUMA K8 casque PS4 Gaming Headset PC Stereo Earphones Headphones with Microphone LED Lights for Laptop Tablet/New Xbox One 4.9,"रू 3,999",KirtipurGadgets,In Stock
161,"Pro5 Bluetooth 5.0 Wireless Earbuds for Cell Phone/Running, Tws Wireless Headphones in-Ear Earphones with Charging Case Black","रू 2,000",HOME SHOP NEPAL,In Stock
162,"NIA Q8 Volume-Controlled Wireless Bluetooth Adjustable Headphones with Built-in FM Radio, TF Card Mp3 Player & 3.5mm Aux (App Controllable)","रू 1,499",NTTraders,In Stock
163,"JBL Tour ONE Wireless Noise Cancelling Bluetooth Headphones, Hi-Res Audio, Perfect Voice Clarity Phone Calls, up to 50H Battery, Google Assistant and Amazon Alexa (Black)","रू 32,000",Evotrade,In Stock
164,"Recci J500 3.5mm Wired in Ear Earphones with Mic & Volume Remote Control Deep Bass 3.5mm Sport Headphones Stereo Sound Compatible with iPhone & Android, Laptop Red","रू 1,200",everestchitrastore,In Stock
165,"Recci USB C Headphones,Type C Earphone  in-Ear Noise Cancelling Earbuds Stereo Bass Gym Sports Headset Type C Earphones with Microphone and Volume Control Compatible with Samsung, Oneplus, Google Pixel 2/3/XL, Xiaomi and More Brand: LEWOER","रू 1,200",everestchitrastore,In Stock
166,"Recci (Lanex)  Wireless Earbuds W15 in-Ear Bluetooth 5.0+EDR Earphones, USB-B Charging Case, IPX5 Waterproof Sport Headphones with Mic, 3.2H Playtime for Gym, Home, Office, For iPhone & Android phone","रू 3,520",everestchitrastore,In Stock
167,"Recci L19 Gaming Headphones & In-ear Earphones with Mic for Mobile Game, Wired Earbuds Noise Cancelling Headset with Heavy Bass High Sound Quality 3.5mm Microphone Jack for PS4, X box One, Nintendo Switch, Laptop, PC, 3D Stereo Surround","रू 1,950",everestchitrastore,In Stock
168,"Aux Cord 'JH-023' for iPhone, Apple Lightning to 3.5 mm Jack Aux Audio Stereo Cable Compatible with iPhone 12/11/XS/XR/X/8Plus/8/7 for Car/Headphones/Speaker/Home etc.",रू 499,Nepal Multitrade Store,In Stock
169,"Recci Earphones with Lightning Connector Plug & Play Earbuds(No need to Connect Bluetooth)  Ergonomic Wired Headphones in Ear with Microphone/Volume Control & Mic Compatible with iPhone 12 Mini Pro Max 11 SE XR XS 7 8 Plus, iPad 10.2 (2019), iPad Air Mini","रू 3,000",everestchitrastore,In Stock
170,Redragon Pandora,"रू 4,800",Forigo Fantech ,In Stock
171,Fantech WH01,"रू 6,500",Forigo Fantech ,In Stock
172,Fantech Spectre II,"रू 3,500",Forigo Fantech ,In Stock
173,Redragon Lagopasmutus 2,"रू 2,295",Forigo Fantech ,In Stock
174,Pods Pro Wireless Earphone,"रू 4,750",GreenBazaar,In Stock
175,Fantech Omni MH83,"रू 4,800",Forigo Fantech ,In Stock
176,Fantech Jade MH84,"रू 5,000",Forigo Fantech ,In Stock
177,Fantech Fusion HG22,"रू 5,500",Forigo Fantech ,In Stock
178,Fantech Vibe MH85,"रू 5,160",Forigo Fantech ,In Stock
179,Fantech Octane 7.1,"रू 4,500",Forigo Fantech ,In Stock
180,YESPLUS YS-501 Premium Sound Quality Stereo Headset,"रू 2,990",NTTraders,In Stock
181,Bluedio Ti Wireless Music Bluetooth Headset Mini Headset,"रू 2,999",Aafnopasal,In Stock
182,Fantech WN01 Gaming Wireless Earphones Neckbands 17hrs Backup,"रू 4,999",Fantech,In Stock
183,Fantech Jade MH84 Multi-Platform RGB Gaming Headset,"रू 6,399",Fantech,In Stock
184,I7Tws Wireless Bluetooth Earpods,रू 949,GreenBazaar,In Stock
185,I7Tws Wireless Bluetooth Earpods,रू 949,GreenBazaar,In Stock
186,JR-D5 hanging neck sports Bluetooth headset,"रू 3,150",Micronetic ,In Stock
187,JOYROOM JR-HL1 Shocking Heavy Bass Wireless Headset,"रू 4,999",Ezeekartnepal,In Stock
188,"Xtrike Me GH-890 Wired Gaming Headset, Backlit with Microphone","रू 3,600",Dev I.T Link ,In Stock
189,"Xtrike Me GH-709 - Wired Gaming Headset, Backlit With Microphone","रू 2,500",Dev I.T Link ,In Stock
190,Bluedio T3 Extra Bass Bluetooth Headohine On Ear With Mic,"रू 5,499",GadgetsFinder,In Stock
191,NK-201 Premium Gaming Earphone with Dual Mic For Pc/Mobile Phone,"रू 1,788",Shriphal Enterprises,In Stock
192,YESPLUS YS-503 Premium Sound Quality (Noise Reduction) Stereo Headset,"रू 2,990",NTTraders,In Stock
193,YESPLUS YS-103 Noise Isolating LED Gaming Headset with Mic,"रू 2,700",NTTraders,In Stock
194,OVEVO Q62Pro TWS Dual Wireless Earphone Portable Charging Headset,"रू 2,999",Aafnopasal,In Stock
195,Meetion HIFI 7.1 Surround Sound Gaming Headset LED Backlit HP030,"रू 4,800",Meetion Nepal,In Stock
196,Buiejdog Car Headset For Iphone8 Samsung Note8 Ipad And Android Phones,"रू 9,999",Aafnopasal,In Stock
197,"AQFIT A11 Deep Bass | Auto Paring | Stereo Calls  (Black, True Wireless)  ","रू 3,299",Tech Studio,In Stock
198,Xtrike Me 7.1 Surround sound Gaming Headset with RGB backlight GH-908,"रू 3,400",Dev I.T Link ,In Stock
199,"Yesplus Super Bass Dual Microphone Gaming Headset Gm-114 4D Top Sound Quality
","रू 1,399",Rk Jha Traders,In Stock
200,"I15 Pods Tws Bluetooth 5.0 Pop-Up Window Touch Control Auto Pairing Wirelesst
","रू 1,785",Rk Jha Traders,In Stock
201,XTRIKE Me HP-312 Gaming Wired Gamer Headset with Adjustable Mic For Pc And mobile phone,"रू 3,200",Dev I.T Link ,In Stock
202,"Xtrike Me Gaming Headset With 7 Backlight Colors GH-899 For Smartphone, PC, PS4, Xbox One,","रू 5,999",Dev I.T Link ,In Stock
203,"Xtrike Me Stereo Gaming Headset with RGB Backlight Gh-509 For Smartphone, PC, PS4, Xbox One,","रू 2,990",Dev I.T Link ,In Stock
204,"Xtrike Me Stereo Gaming Headset, 7 Colors Backlight Compatible with PC, PS4, Xbox One Gh-710","रू 2,600",Dev I.T Link ,In Stock
205,"Stereo Gaming Headset Gh-709 With Rgb Backlight For Smartphone, Pc, Ps4, Xbox One, Cable 1.8M","रू 2,500",GadgetDealsNepal,In Stock
206,"Redragon H120 Wired Gaming Headset With Microphone And Volume Control For Mobiles/Smart Devices, Pc And Ps4
","रू 1,499",GadgetsFinder,In Stock
207,Fantech RGB Earphone Game HG22 Earphones With Microphone USB 7.1 Surround Sound Wired Gaming Headset,"रू 6,899",Fantech,In Stock
208,"Redragon H120 Wired Gaming Headset with Microphone and Volume Control for Mobiles/Smart Devices, PC and PS4","रू 1,499",KirtipurGadgets,In Stock
209,"Xtrike me Stereo Gaming Headset with LED Light HP-311 for Smartphone, PC, PS4, Xbox One","रू 2,300",Dev I.T Link ,In Stock
210,NIA Q2 Wireless Bluetooth Stereo Headset with Mic/FM/MicroSD Slot & Aux Input,"रू 1,550",NTTraders,In Stock
211,"Xtrike Me Stereo Gaming Headset With Rgb Backlight For Smartphone, Pc, Ps4, Xbox One, Cable 1.8M (Gh-509)","रू 2,400",GadgetDealsNepal,In Stock
212,FANTECH RGB earphone game HG22 Earphones With Microphone USB 7.1 Surround Sound Wired Gaming Headset For PC PS4 Player,"रू 6,499",Fantech,In Stock
213,NIA X6 Wireless Bluetooth Stereo Headset with Mic/FM/MicroSD Slot & Aux Input,"रू 1,599",NTTraders,In Stock
214,S5 Bluetooth Headset Wireless Bluetooth 5.0 In-Ear Stereo Earbuds Mini Sports Earbuds Ipx67 Waterproof Dust-Proof,"रू 11,999",Aafnopasal,In Stock
215,Fantech AC3002 7.1 Audio Sound Card Volume And Mic Risk Control Controller 7.1 Additional Functions For Gaming Headset Earpods,"रू 2,899",Fantech,In Stock
216,MIFO O2 Tws Earbuds Dual Bluetooth 5.0 Wireless Earbuds Hifi Bass Waterproof Sports Earbuds,"रू 9,999",Aafnopasal,In Stock
217,Fantech HG21 Earphones With Microphone 7.1Surround Sound Gaming Headset USB Wired Gaming Headset For PC NS SWITCH Earphone Gamer,"रू 5,999",Fantech,In Stock
218,"HG20 3.5MM Plug RGB Gaming Headset Wide Sound Field Volume Adjustment Earphones With Microphone For PS4 PC Player
","रू 4,699",Fantech,In Stock
